{
  "site": {
    "title": "Kopirnica Bezistan - Sarajevo",
    "description": "Tradicionalna kopirnica u Bezistanu, Sarajevo. Fotokopiranje, print, uvezivanje, lamiranje i sve usluge za studente i poslovne korisnike.",
    "ogTitle": "Kopirnica Bezistan - Vaša Pouzdana Kopirnica u Sarajevu",
    "ogDescription": "Brzo, kvalitetno i povoljno. Sve usluge printanja i kopiranja na jednom mjestu u srcu Sarajeva.",
    "ogImage": "/public/og-image.png"
  },
  "nav": [
    {
      "label": "Početna",
      "href": "#"
    },
    {
      "label": "Usluge",
      "href": "#usluge"
    },
    {
      "label": "O Nama",
      "href": "#o-nama"
    },
    {
      "label": "Kontakt",
      "href": "#kontakt"
    }
  ],
  "hero": {
    "headline": "Vaša Pouzdana Kopirnica u Srcu Sarajeva",
    "subheadline": "Više od 20 godina tradicije u Bezistanu. Brzo, kvalitetno i uvijek tu za vas.",
    "ctaText": "Kontaktirajte Nas",
    "ctaHref": "#kontakt",
    "heroImage": "/public/slika1.jpg"
  },
  "about": {
    "title": "O Nama",
    "text": "Kopirnica Bezistan je tradicionalna kopirnica smještena u istorijskom Bezistanu u centru Sarajeva. Već više od dvije decenije pružamo vrhunske usluge fotokopiranja, printanja i uvezivanja našim vjernim klijentima. Naša lokacija u srcu grada čini nas dostupnim svima — studentima, poslovnim korisnicima i svima koji traže brzu i kvalitetnu uslugu. Uz moderno opremljen prostor i iskusno osoblje, garantujemo da će vaši dokumenti biti obrađeni s pažnjom i profesionalnošću.",
    "image": "/public/slika2.jpg"
  },
  "services": [
    {
      "title": "Fotokopiranje i Skeniranje",
      "text": "Crno-bijelo i kolor kopiranje svih formata. Brzo skeniranje dokumenata u digitalni format.",
      "image": "/public/slika3.jpg"
    },
    {
      "title": "Print Letaka, Brošura, Plakata",
      "text": "Profesionalni print na raznim materijalima i formatima. Idealno za promotivne materijale.",
      "image": "/public/slika4.jpg"
    },
    {
      "title": "Uvezivanje i Lamiranje",
      "text": "Spiralno, termo i tvrdo uvezivanje. Lamiranje dokumenata u različitim debljinama.",
      "image": "/public/slika3.jpg"
    },
    {
      "title": "Digitalizacija Dokumenata",
      "text": "Skeniranje i digitalizacija starih dokumenata, slanje putem email-a ili arhiviranje na USB.",
      "image": "/public/slika4.jpg"
    },
    {
      "title": "Studentske Usluge",
      "text": "Kopiranje skripti, priprema za ispite, povoljne cijene za studente. Uvijek brzo i precizno.",
      "image": "/public/slika3.jpg"
    },
    {
      "title": "Ekspres Print",
      "text": "Hitne narudžbe? Nudimo ekspres uslugu za dokumenta koja vam trebaju odmah.",
      "image": "/public/slika4.jpg"
    }
  ],
  "gallery": [
    "/public/slika3.jpg",
    "/public/slika4.jpg",
    "/public/slika1.jpg",
    "/public/slika2.jpg",
    "/public/slika3.jpg",
    "/public/slika4.jpg"
  ],
  "reasons": [
    "Više od 20 godina iskustva u printanju i kopiranju",
    "Lokacija u centru grada - lako dostupni svima",
    "Brza usluga i ispunjavanje hitnih narudžbi",
    "Povoljne cijene i popusti za studente",
    "Moderno opremljena kopirnica s najnovijom tehnologijom",
    "Ljubazno i profesionalno osoblje"
  ],
  "contact": {
    "email": "info@kopirnicabezistan.ba",
    "phone": "+387 61 000 000",
    "address": "Bezistan, 71000 Sarajevo, Bosna i Hercegovina",
    "mapLink": "https://www.google.com/maps/search/?api=1&query=Bezistan+Sarajevo",
    "workingHours": [
      "Ponedjeljak - Petak: 08:00 - 20:00",
      "Subota: 09:00 - 16:00",
      "Nedjelja: Zatvoreno"
    ]
  },
  "footer": {
    "copy": "© 2025 Kopirnica Bezistan. Sva prava zadržana.",
    "social": [
      {
        "label": "Facebook",
        "href": "https://facebook.com"
      },
      {
        "label": "Instagram",
        "href": "https://instagram.com"
      }
    ]
  }
}